"time","track_length"
7.877133,"1k"
5.814709,"1k"
6.007073,"1k"
7.430063,"1k"
7.074244,"1k"
23.49212,"5k"
37.61743,"5k"
33.271,"5k"
32.4158,"5k"
26.76466,"5k"
60.0654,"10k"
58.57461,"10k"
60.23663,"10k"
64.86092,"10k"
63.75212,"10k"
322.3786,"50k"
302.7557,"50k"
303.8668,"50k"
363.4762,"50k"
361.0196,"50k"
